ID	st_vseh	relativna_napaka_ploscine_krog	relativna_napaka_obseg_krog	k
0	502	47.582338830344014	11.235919398160908	501
1	502	57.017593527761456	13.192140174614803	501
2	502	55.49950884723002	13.789764446311992	501
3	502	53.84073140132438	13.98852309952967	501
4	502	57.48567726908572	14.487753043250343	501
5	502	50.399572303665416	13.055992058544016	501
6	502	56.527031931603176	15.049541319094587	501
7	502	49.89865802263507	12.799907034716206	501
8	502	57.99742778988225	15.670032839631743	501
9	502	51.9560869233355	13.547653974411306	501
10	502	50.729891117965465	11.615591647455897	501
11	502	63.20263729039929	16.939255203061656	501
12	502	57.96647554694554	13.526065692839145	501
13	502	62.283811039012804	15.746932324917164	501
14	502	53.68984277433886	12.946826849160898	501
15	502	56.02506432034442	13.194655275227477	501
16	502	56.45410482215101	14.851630791500824	501
17	502	51.3384951125986	13.107724254672682	501
18	502	57.93277227543192	14.07045048180209	501
19	502	61.78802401362602	15.266622674384625	501
20	502	55.809046655726604	12.58770603886403	501
21	502	53.45327610913433	14.836273395652624	501
22	502	56.84978817611539	14.015988170065535	501
23	502	56.29036235379824	13.432456653014322	501
24	502	56.19904041891319	12.921621477657727	501
25	502	49.36163529782493	12.185289943291577	501
26	502	58.78746500504186	14.295911146940593	501
27	502	60.83585150082149	14.928336937186174	501
28	502	50.46523838513662	11.556138109392819	501
29	502	56.70574967540849	13.360718003123925	501
30	502	59.215884807690365	15.783589983292012	501
31	502	64.90363310072145	18.290640395556395	501
32	502	53.720748456522486	12.966725374814223	501
33	502	48.56295716764646	12.9425887849135	501
34	502	51.08895705845582	12.169250078846849	501
35	502	43.605546510418975	10.152624306621547	501
36	502	51.90359745556977	11.850162801697051	501
37	502	52.09252098101798	13.995327454574163	501
38	502	51.37107717408402	12.83878747048123	501
39	502	51.08722484766447	12.217628067753799	501
40	502	54.312016156945475	12.847334075921355	501
41	502	55.696200272223265	13.71892948409547	501
42	502	47.41254833228809	11.795031067303126	501
43	502	57.49610519984623	15.069180605836669	501
44	502	57.23099279081513	15.24847159990746	501
45	502	64.18601502597679	15.360892122304277	501
46	502	62.98451037818291	16.374917518374925	501
47	502	56.717543892560975	14.357155362325495	501
48	502	56.38753701916036	16.6905451372891	501
49	502	50.13219299351883	12.290435744135406	501
50	502	61.65944771263031	16.325696506197893	501
51	502	48.961534096832544	12.284832196939591	501
52	502	48.285933202773315	13.015022091266982	501
53	502	57.11060685767884	15.238787055498682	501
54	502	60.26174930525651	14.698093111599741	501
55	502	44.57105046631678	10.931882336914462	501
56	502	47.35237330973903	12.71713376803131	501
57	502	55.32853374674803	13.84573895133233	501
58	502	47.387565839016666	11.725799708205416	501
59	502	45.31572560138811	11.38692090786105	501
60	502	53.13723726783327	12.882450878100057	501
61	502	53.21734927220132	14.106844339020814	501
62	502	61.2547551515157	14.462216622908041	501
63	502	65.07265407616181	16.055306576151583	501
64	502	54.04093956649301	14.661150221712575	501
65	502	52.66348856509083	13.079600068049011	501
66	502	49.621500106041886	11.568015770599489	501
67	502	53.96724184156354	12.746642779772069	501
68	502	62.415342402244676	14.970931508611008	501
69	502	49.811414229171405	12.386445172239178	501
70	502	56.56028044809741	13.463034704195826	501
71	502	46.69589899616308	13.394990796734502	501
72	502	54.416355650372495	14.416628949805588	501
73	502	51.68687733362465	12.95796907553809	501
74	502	49.57101088407347	12.22715770384828	501
75	502	52.153964076411064	13.245827717752167	501
76	502	56.67645744804513	14.400121952396693	501
77	502	52.96987684907523	12.53115822139831	501
78	502	54.50707976432116	14.078921155667048	501
79	502	51.85397017363371	12.632367326840651	501
80	502	50.40502673888293	12.470047816973238	501
81	502	54.11071941668526	12.61595424736818	501
82	502	52.56699458242644	12.851269471668985	501
83	502	42.58765964646059	12.065903851969301	501
84	502	48.050404017860856	12.01361562950448	501
85	502	54.21020684727487	12.814051697553996	501
86	502	53.91720918389604	14.442841786387559	501
87	502	54.8664868557225	14.513591052792622	501
88	502	51.3105153056447	11.503221906425132	501
89	502	56.26387553363884	15.046077671453867	501
90	502	51.58848176421014	12.307951666485934	501
91	502	58.11208399118488	14.430515537663293	501
92	502	54.376603189678754	13.628342339172782	501
93	502	60.06717153662267	15.213677872418844	501
94	502	55.199693237436485	12.463412703097008	501
95	502	49.503284448327506	13.25410653991882	501
96	502	49.464006555745854	12.948361657422872	501
97	502	57.66156588517409	14.10363882037158	501
98	502	49.30256641505987	13.386287497784124	501
99	502	59.446308391503436	15.515350615046602	501
100	552	50.19981482787061	12.138305035612454	501
101	552	58.71120710190454	14.851679993590505	501
102	552	66.49557629715953	16.568583899177323	501
103	552	58.15141013698866	15.468450251480443	501
104	552	56.10277938163966	14.424605199442489	501
105	552	47.899535677708506	12.69643500009821	501
106	552	52.49240257701252	12.894965367066904	501
107	552	50.544562193691156	12.75799822025505	501
108	552	63.12098647564167	15.733277180682546	501
109	552	54.924324162569896	12.279470017761325	501
110	552	55.28633947487415	14.773899816523302	501
111	552	60.51280979706504	13.27784759339225	501
112	552	45.30951536930374	12.552555154904837	501
113	552	46.698138048461566	11.651068437887607	501
114	552	56.08552287120712	14.256890131913883	501
115	552	51.846762900040176	11.198026529197923	501
116	552	53.37702296435117	14.197246793353086	501
117	552	56.88801294291256	13.396226868802103	501
118	552	51.84352762647377	11.955070945393196	501
119	552	60.60789820095518	14.556969752089655	501
120	552	53.1369354200389	13.823078873525219	501
121	552	58.57533291280844	14.03306329432485	501
122	552	49.51929629607245	11.563013251396415	501
123	552	53.87573585756436	13.316338785073073	501
124	552	64.41030055274433	17.57492781191342	501
125	552	58.43440997891407	14.790569306087692	501
126	552	54.50492904095605	12.557208114745988	501
127	552	55.6050905320171	14.159589416046167	501
128	552	57.203919978426754	14.984908263930457	501
129	552	53.780752121613574	12.88961370467173	501
130	552	53.97859252161202	13.759408817144292	501
131	552	49.61991690835561	12.17017940129594	501
132	552	52.59955923736904	12.601741584126206	501
133	552	49.537651970888795	12.509859894911864	501
134	552	62.12131596830016	15.61480995589697	501
135	552	52.32211862092555	12.85018944855549	501
136	552	52.100579207127474	14.06867306248798	501
137	552	53.98821272049478	12.568359910737284	501
138	552	53.83329570181128	13.076926179349858	501
139	552	60.56050548009324	15.20374387356626	501
140	552	60.701908491930986	14.448032607618726	501
141	552	66.53752967487677	15.850949398050792	501
142	552	63.14923215703183	16.254206622601775	501
143	552	54.43307840284061	12.214505130567327	501
144	552	57.550372099151794	14.522955222982755	501
145	552	72.4589407877391	18.522043694494716	501
146	552	49.949978483024346	12.158164132435138	501
147	552	56.8459877124229	14.119567027677018	501
148	552	53.46746918237029	14.30552280619676	501
149	552	58.66355080729817	14.633002772823584	501
150	552	53.839671712438545	12.944735086870441	501
151	552	57.39301822974356	14.254085916514295	501
152	552	55.573405704488046	13.642212968309767	501
153	552	56.09134883970343	14.232495553878824	501
154	552	48.559954195243186	9.966857865240703	501
155	552	55.46647111770581	13.86625999119063	501
156	552	55.06612983216043	14.681444784483782	501
157	552	56.03796233703705	14.623098820109428	501
158	552	71.64765529744092	17.50430054632924	501
159	552	61.624547243534	15.582949376132902	501
160	552	47.2020280161171	11.658766799609891	501
161	552	57.04455507486218	14.906758303951442	501
162	552	51.04798214088826	11.69376644329959	501
163	552	46.92498638234808	11.55756326896029	501
164	552	51.544089995500556	13.52588182140372	501
165	552	55.776882472941445	14.663247150599073	501
166	552	55.163840075966895	13.188673822181313	501
167	552	49.749814099580014	11.837992366253957	501
168	552	51.69555853132014	12.884392718122786	501
169	552	50.21944753428358	13.14332195847158	501
170	552	54.46150312224736	14.397752741765174	501
171	552	63.76447366420571	15.66580973738698	501
172	552	55.482042832923604	13.249303413801513	501
173	552	53.170995135805924	13.409304024352195	501
174	552	50.047245826013054	12.035585252222928	501
175	552	55.04186958734986	12.987214235021874	501
176	552	48.363270100773924	11.286425974502743	501
177	552	50.54155478838302	11.405086851841023	501
178	552	58.91068710396132	15.21963333709904	501
179	552	51.927953522456164	12.050307217376986	501
180	552	59.99836736170806	15.21645083801903	501
181	552	56.89417113358649	13.337872982888484	501
182	552	49.948112532110564	11.131406436708827	501
183	552	42.99626322787302	10.169843099714654	501
184	552	54.96315511039522	14.519227709268161	501
185	552	59.004046437480305	13.017738329374703	501
186	552	56.332735720189056	15.604735640076841	501
187	552	52.235442578364186	12.79842130164579	501
188	552	68.39995456769063	18.60543618802046	501
189	552	52.92012843545268	13.08554438590017	501
190	552	55.097779947662595	14.301236021195743	501
191	552	37.639067364269586	9.483614206078968	501
192	552	61.552685457007804	15.563467899089472	501
193	552	52.86559908063292	12.98625272130591	501
194	552	68.28469636383126	17.982208538385567	501
195	552	57.36748013626691	13.663215036434467	501
196	552	51.84615525209028	12.958567911726055	501
197	552	63.86002710054893	16.48841208080214	501
198	552	62.00539670144961	15.09265571771768	501
199	552	56.86698648612454	15.23269597026871	501
200	602	52.68481579907378	14.435585293403705	501
201	602	52.486631416884336	11.983837700634172	501
202	602	60.659378695648215	16.0947384542058	501
203	602	56.97622944786719	14.319787811398205	501
204	602	48.30937732272959	11.61903630444248	501
205	602	54.3281175279042	14.32840844676522	501
206	602	57.239028353802254	14.275949573831657	501
207	602	55.93257005848208	12.286710858147364	501
208	602	61.38126592853925	15.823201777798838	501
209	602	57.119420484633366	14.091068454282427	501
210	602	52.079349475217874	11.769268709708685	501
211	602	48.092364054371174	10.80506618549298	501
212	602	60.76001178652027	16.164367472347116	501
213	602	65.78712530426863	16.854292025169475	501
214	602	51.56327592958208	12.017474893574002	501
215	602	64.09559217274172	15.323179702795512	501
216	602	59.46284984606668	15.669510269940387	501
217	602	65.77261489528391	16.3984540906778	501
218	602	51.730402518066086	13.307826911121504	501
219	602	53.8491440622832	14.47380843754423	501
220	602	54.94056441932204	12.567224941244287	501
221	602	52.556634228880895	11.793646307179008	501
222	602	49.768481083633496	11.283457599360244	501
223	602	51.57005502957439	14.476083458892006	501
224	602	50.12492628267415	13.026256463354105	501
225	602	46.24061199892862	10.316785968375527	501
226	602	52.490179362932786	11.479572923945984	501
227	602	60.08590178464149	15.353104507757246	501
228	602	51.43548308163205	12.5836914263558	501
229	602	50.8009722399506	10.146114334245357	501
230	602	52.239376988903494	12.2789821244893	501
231	602	49.02228472602862	11.350129479505464	501
232	602	54.55082955114686	13.563800580390748	501
233	602	50.41389964829638	13.096009907976336	501
234	602	56.86839949850877	13.935718112596291	501
235	602	48.5703094299371	11.292662856333129	501
236	602	54.27727784248857	13.076643300735356	501
237	602	59.54036934250887	14.577875357388667	501
238	602	51.95298824436239	14.224493314530696	501
239	602	60.660776432376714	14.69330854540513	501
240	602	41.521147157095314	10.635356221197172	501
241	602	43.95615801438159	11.198398023148755	501
242	602	46.78582243806388	11.489619066538033	501
243	602	48.22122893826262	11.660044495433421	501
244	602	58.17619894705732	14.673930059804213	501
245	602	52.47439354961306	13.711480476475627	501
246	602	52.06576674273815	13.715327969349179	501
247	602	58.4716237575773	14.394514293541743	501
248	602	52.95862988045488	14.084631504351583	501
249	602	49.59213330014329	12.205738661601426	501
250	602	40.272400425285554	7.62815909750122	501
251	602	56.50589066492966	13.77629449366271	501
252	602	56.193041889502574	14.311212758132738	501
253	602	56.616047515070235	14.532604896780226	501
254	602	61.07118930615756	16.239167005799764	501
255	602	57.6108719711314	14.347384759442122	501
256	602	57.908340068098006	14.401232935076077	501
257	602	66.65696800701826	18.511860971743083	501
258	602	56.45963583552024	13.316471803569696	501
259	602	54.10468899046275	13.267462133677496	501
260	602	48.505535503379846	10.861182881607524	501
261	602	56.801748712243715	13.531243318197092	501
262	602	48.51178585998873	13.578995460229326	501
263	602	63.704199815401076	16.141232458154	501
264	602	54.21912188218816	13.009082256656058	501
265	602	58.5745308503735	13.866847052575281	501
266	602	52.96200608170278	12.54334978555461	501
267	602	61.38643358777236	15.644145524000653	501
268	602	59.11263865170544	13.673597429033823	501
269	602	46.607502249921914	12.262100416857756	501
270	602	49.111785055576966	11.054717272129233	501
271	602	48.757867264866114	11.486403687623445	501
272	602	61.058482108340705	15.52531178097524	501
273	602	60.01258815006215	15.665066159233302	501
274	602	58.77068362568904	13.956015520469457	501
275	602	47.232680238329905	10.710565034331118	501
276	602	51.091796738966075	12.774536001415813	501
277	602	63.10157444642376	17.943842459616477	501
278	602	46.95000013781498	10.514703652925489	501
279	602	46.45555795025891	10.83510007232031	501
280	602	44.850596304822886	10.739170065435157	501
281	602	52.194516134535796	13.440860008722854	501
282	602	58.114944304517834	16.500891960760462	501
283	602	67.38812669221508	18.19535199781229	501
284	602	60.525481552446394	13.976381319569562	501
285	602	52.275025317083745	11.147347536118653	501
286	602	60.59160988778619	14.881099633985247	501
287	602	55.42850515183784	13.92321799778209	501
288	602	47.43354403203644	13.13123131387934	501
289	602	55.36911697302085	13.176258918137085	501
290	602	48.53797174089116	12.012230903904063	501
291	602	52.8446340789048	13.301436578405717	501
292	602	48.0944563014372	12.124661519826574	501
293	602	47.45734585650148	11.611279413607928	501
294	602	68.4907396406516	17.412962517340887	501
295	602	57.20187674193038	15.541944197921909	501
296	602	52.98118255299548	12.686657603423765	501
297	602	51.76630947560965	12.011610230344273	501
298	602	51.85412535266357	11.579160898801135	501
299	602	54.19883967673643	14.599700207542101	501
300	652	60.95744532242007	14.937787737967811	501
301	652	46.52187575238034	11.68533203965249	501
302	652	52.921360677699006	14.108517985312904	501
303	652	54.05715696972558	13.624560702231193	501
304	652	62.28275578756636	15.655518386062736	501
305	652	50.35258162845785	12.695041270201601	501
306	652	54.11444979305251	12.917819595898791	501
307	652	59.62187389932888	14.160406121483406	501
308	652	55.28033161919408	14.061300684134794	501
309	652	55.46409182595296	13.518470587357315	501
310	652	53.640660616874634	11.90828710428219	501
311	652	47.75180395147524	11.458595682713458	501
312	652	56.56090531165929	13.632840477701558	501
313	652	53.874544312026394	11.519007900162295	501
314	652	61.24230626953838	16.266567189646857	501
315	652	54.97971862406226	15.107008149176181	501
316	652	51.24732337174627	12.31292412650158	501
317	652	57.252552634560985	14.326550551677277	501
318	652	49.65343022538274	12.893968662948627	501
319	652	44.05976394894615	9.685384462195291	501
320	652	48.61677387781976	12.759072855193182	501
321	652	48.435960919934594	11.625609171139919	501
322	652	61.905029419247896	14.562625395585794	501
323	652	63.68027385827466	16.276505812073914	501
324	652	57.43890405565249	13.557314797045775	501
325	652	48.62395318377267	11.119614956994884	501
326	652	57.18328049031345	14.180407583018969	501
327	652	50.56591408056681	11.741538184609677	501
328	652	69.35971974931057	17.861430335424203	501
329	652	62.5393548917594	17.738134913407926	501
330	652	54.72648165144412	12.802783871496404	501
331	652	60.93991313240008	16.46731255070465	501
332	652	61.5573192093641	15.079301728149494	501
333	652	55.04326071673818	11.95545768421064	501
334	652	42.902046515514556	10.907612659819378	501
335	652	61.766108709181054	15.132357076996891	501
336	652	52.454073926820065	13.316231684183641	501
337	652	49.37113002378185	10.980446013878046	501
338	652	49.78534581459444	12.73201467599038	501
339	652	50.066154173448	11.9317782782606	501
340	652	48.97192119668712	12.023670732069055	501
341	652	45.091026572726825	10.346989064868863	501
342	652	56.68871723045265	14.604018962356422	501
343	652	57.79836785305448	13.18276639709793	501
344	652	69.21410758706746	18.7492921276987	501
345	652	52.943807712574134	11.48145525809587	501
346	652	54.74468943233354	13.301545130242697	501
347	652	49.89690467476845	11.630021586608267	501
348	652	54.73487515219594	13.597230641704341	501
349	652	59.71674612534596	14.563257767984705	501
350	652	53.66592433040531	12.619950891895511	501
351	652	59.19511613056546	13.249416249344428	501
352	652	65.62253183613169	15.735102684025165	501
353	652	66.09047080164405	17.47654801588742	501
354	652	57.05419839572653	14.716517824480333	501
355	652	51.339512930606034	12.579779168377284	501
356	652	55.948071524686796	12.392520063178498	501
357	652	35.31553382549454	8.565966857237706	501
358	652	45.69962091421172	10.83714398083856	501
359	652	51.49012201947619	12.535724516444954	501
360	652	52.59231736093171	12.093736911016471	501
361	652	51.35040121819223	11.58773920307635	501
362	652	45.35957656061592	10.347929630020804	501
363	652	61.62788750861343	15.723538034202647	501
364	652	56.75360616832044	13.84339315632935	501
365	652	59.63249017509402	15.555120041063528	501
366	652	52.12599800010861	12.619378888770077	501
367	652	42.967221366987914	9.706077415065044	501
368	652	60.99358022122481	16.67822750613632	501
369	652	51.273925261352296	13.102711027479197	501
370	652	52.76014703766704	13.321179041063319	501
371	652	55.50346721021652	13.257148734476635	501
372	652	49.693802797252886	12.098533841542933	501
373	652	62.896718392561155	15.106253191351179	501
374	652	56.881725173106055	13.776845126191	501
375	652	52.70416750592343	13.76646705106474	501
376	652	50.92526855955754	12.98185784668152	501
377	652	52.03187219899341	13.077370124788136	501
378	652	56.33618824804118	13.83366987089575	501
379	652	55.53636695579867	14.346767319165457	501
380	652	56.49883830988552	14.868175382191012	501
381	652	59.62890337616598	14.736053877010905	501
382	652	50.02722910114015	12.265458122055863	501
383	652	52.03398275571111	13.530459236821596	501
384	652	47.85521451761639	12.056360884579075	501
385	652	70.72450001736463	18.21501920617317	501
386	652	59.37391695592063	14.111221010048657	501
387	652	55.29614315887621	14.601323055925588	501
388	652	62.236882901045774	16.7060311333773	501
389	652	61.93303880310632	16.111772277520423	501
390	652	50.18276450698437	11.455375079936715	501
391	652	62.0469914123956	16.867745963745563	501
392	652	58.205166943458885	14.073028076957012	501
393	652	53.34863561058947	13.58137646299347	501
394	652	45.32706445438115	10.42663937262997	501
395	652	49.38321943263486	12.065261601366629	501
396	652	64.22492623934622	16.42937380532057	501
397	652	54.5842304071406	13.725459016219174	501
398	652	59.366043859280495	15.371940731026578	501
399	652	48.2858822367599	11.797842855820887	501
400	702	50.176723474785476	11.91537921939899	501
401	702	52.801719573870024	12.575067222854376	501
402	702	48.259708619043415	11.417462474283479	501
403	702	51.78230982856675	11.947138733118955	501
404	702	55.759670333771346	13.397445186466062	501
405	702	54.19979881116894	12.735220622460542	501
406	702	48.04666769432335	10.047973460986768	501
407	702	52.289880557167265	11.555383665810982	501
408	702	47.184775702785686	11.84242104790315	501
409	702	57.994285066167606	13.571512120989798	501
410	702	52.751192208654686	13.338685612667991	501
411	702	49.406253511247826	10.810413234836675	501
412	702	46.63521579923231	11.355019445123531	501
413	702	47.75601450794293	11.604126548883857	501
414	702	46.70261611223446	10.782841041475596	501
415	702	47.934420707406936	11.582042683449497	501
416	702	50.22347180519451	13.31008754733409	501
417	702	49.03737322515744	12.71885607899498	501
418	702	64.67780516880637	17.31293095419532	501
419	702	59.54143300741619	16.836133554573433	501
420	702	54.44253172985827	14.086052952293818	501
421	702	59.855185641024846	14.2507509249821	501
422	702	57.701087732104625	13.336506021592227	501
423	702	43.632750833719925	9.310595906414534	501
424	702	59.441051033347016	15.02511978754663	501
425	702	58.42663944376933	14.074571254898702	501
426	702	53.282196853308136	12.005764466472051	501
427	702	47.68144198129878	12.163801423304678	501
428	702	66.39454405343619	18.009767987137355	501
429	702	56.5277676528672	13.347481027296498	501
430	702	56.53375543220043	14.027481348973975	501
431	702	56.42506489295296	13.933507023248204	501
432	702	53.57841914523962	11.995139554437774	501
433	702	48.47575347378112	12.369557180706211	501
434	702	54.9642740703497	14.120427008036554	501
435	702	53.524983892950026	12.769292007218832	501
436	702	55.440279126639865	14.575713644843669	501
437	702	47.340318342624904	11.7917986126532	501
438	702	48.73782021620771	12.052123577609846	501
439	702	53.28952319740692	13.103223032567632	501
440	702	56.32089524367046	12.296052403639933	501
441	702	48.451894558020875	11.3208407711256	501
442	702	62.07826340051417	15.278648050691487	501
443	702	49.083191052182414	11.991192324524512	501
444	702	57.13780728377228	13.924494796262044	501
445	702	49.63592542430364	11.157970842324282	501
446	702	51.3922902885724	12.313458105762656	501
447	702	47.295597229176146	11.391115440041657	501
448	702	59.82129911954751	15.830639488814283	501
449	702	69.32162777389307	18.381836651086868	501
450	702	57.02200739963656	16.252116844928445	501
451	702	52.23866777882321	11.390348139419267	501
452	702	49.91910046778077	12.837872420398536	501
453	702	57.83829810779102	14.927030290545048	501
454	702	57.78044073088394	14.186190289435988	501
455	702	59.029849572251024	14.18779507636751	501
456	702	56.841057274098375	14.512628540803748	501
457	702	52.219910968704475	11.565994308238439	501
458	702	61.862884267062924	15.605398147138413	501
459	702	47.19491303720031	11.545498316982323	501
460	702	52.27078854669155	12.239729516214592	501
461	702	53.096738499721006	12.136705681387776	501
462	702	57.81273307620096	15.010933014388897	501
463	702	58.21115936698151	14.726021154499715	501
464	702	49.674289913866374	11.90962494713721	501
465	702	51.78964752763373	12.737176301336975	501
466	702	52.52251882116885	12.685104093188809	501
467	702	54.129440746858016	13.38788295198237	501
468	702	46.43438136310549	8.93226295576114	501
469	702	50.04661530958139	11.869815048934605	501
470	702	55.2673168740518	13.268121469202795	501
471	702	46.112833976602	9.974463284463935	501
472	702	56.91766831469912	14.511032856229763	501
473	702	54.18752059354907	13.145377494403801	501
474	702	54.37238023996296	11.967039777598995	501
475	702	52.7327897145593	11.912541768548166	501
476	702	42.83610962068558	10.510575534924081	501
477	702	50.99186161985867	12.3039429793182	501
478	702	44.4826389942727	10.626592499918084	501
479	702	49.456432852962905	11.6453348693333	501
480	702	63.42477547177163	17.136801510984185	501
481	702	58.02979809349927	14.166135119097472	501
482	702	61.359211557787354	14.424396644162595	501
483	702	60.86577956231686	13.858060672854885	501
484	702	54.566411672830064	13.237457109104014	501
485	702	57.487598278882714	13.798506294142591	501
486	702	51.05729375922758	12.71226316780241	501
487	702	71.28106666019278	18.213954380466305	501
488	702	58.84107256367616	14.860184202845808	501
489	702	47.273295282470684	11.53231454758139	501
490	702	62.830515642018945	17.066669355862373	501
491	702	52.43407602629748	13.853868201848943	501
492	702	62.44007533269082	15.342830216157441	501
493	702	58.910438419819364	13.873026111710038	501
494	702	58.12100258727186	14.574406799322484	501
495	702	59.34923700168675	16.099938641225144	501
496	702	52.908771234757054	13.3254690790112	501
497	702	44.2244957268631	10.947870313017928	501
498	702	54.23086415785075	12.369814322596834	501
499	702	57.517076762570326	15.092632720958493	501
500	752	50.99573996154278	12.592593332501615	501
501	752	45.782193341154745	10.759397466404364	501
502	752	44.11086117264411	8.665735762643003	501
503	752	56.90473623802418	14.955270553262876	501
504	752	64.68018536357253	16.35128847994538	501
505	752	48.31823668713092	12.009313325571405	501
506	752	62.26878187834358	14.82485559228968	501
507	752	60.84825430007751	14.418182091686047	501
508	752	47.4019426987834	11.384995876362632	501
509	752	49.24011898773225	11.38116979287683	501
510	752	58.345754556493134	14.986115636990913	501
511	752	42.09714313055932	8.564048362949036	501
512	752	58.11895616004431	14.8056914387803	501
513	752	44.043042008573295	10.91837986358014	501
514	752	54.60391310727818	12.525717632639708	501
515	752	54.210176959168635	13.390604670403643	501
516	752	49.77630306551397	12.331059011715032	501
517	752	40.83467983841436	10.623850232145243	501
518	752	54.355872274936445	13.581450144641178	501
519	752	55.92665918659341	14.245782022844516	501
520	752	54.2687225766784	12.632767063842627	501
521	752	52.470567684807634	12.236769436163875	501
522	752	55.10883601252492	12.522022927078341	501
523	752	57.14257964513217	12.94959278177158	501
524	752	49.998898205379774	12.879387133560058	501
525	752	61.058682112380836	15.961520597919518	501
526	752	59.21174489688793	13.644512044182619	501
527	752	60.91053171410391	14.06694128212026	501
528	752	58.27028902644873	15.539242823486546	501
529	752	59.83652788789634	14.031931834794928	501
530	752	50.34323706200657	11.215034422039125	501
531	752	49.61904203366532	11.175725728015607	501
532	752	49.77620681307632	13.14764818263022	501
533	752	61.27775638117109	14.68254209776682	501
534	752	59.35613184366994	13.84212193517833	501
535	752	51.897202639760835	13.565667616125193	501
536	752	54.18246491291592	13.492111674255316	501
537	752	58.877731708447165	14.6151944692819	501
538	752	54.07874231613042	15.076436946298555	501
539	752	49.337527557849405	10.787791600583773	501
540	752	55.35027299657197	12.018994540780135	501
541	752	57.56180098444613	14.209827586843227	501
542	752	56.82060661244189	13.886865160174805	501
543	752	52.456059895355125	12.237797586922355	501
544	752	52.0671205081924	12.365766674331349	501
545	752	57.4001924556212	14.117017698727288	501
546	752	52.23504648854652	12.601109311711935	501
547	752	50.737209706668864	12.59495014363003	501
548	752	57.77960013368961	14.284898467868818	501
549	752	48.60267777487781	11.536392959932071	501
550	752	51.499234722755325	12.247968128451587	501
551	752	52.58059299343367	12.818402327967672	501
552	752	59.80954580719331	15.390757816465712	501
553	752	52.422783728666744	11.760926502699027	501
554	752	52.67052258870597	12.296176847666725	501
555	752	50.82710582884615	13.370416529092722	501
556	752	57.16929162710977	14.339851356309477	501
557	752	53.50671159864068	13.018287191832378	501
558	752	57.03043049450296	13.807445210235997	501
559	752	57.064387847666545	13.231313763442962	501
560	752	50.794876673076494	11.50702130669621	501
561	752	59.70941027353208	14.75290577272475	501
562	752	54.397220976775905	13.445516969435698	501
563	752	50.31732953710992	12.520000867183953	501
564	752	59.4359999470005	16.163377296335774	501
565	752	51.945596997026975	12.53437607678709	501
566	752	57.14536912802096	14.06159308179966	501
567	752	50.51952123630823	11.351427996763963	501
568	752	45.412532250685075	11.128074821340096	501
569	752	52.0442453157259	13.096347078974507	501
570	752	42.46222477649004	8.181236116630563	501
571	752	44.0067275144486	10.324349680134928	501
572	752	62.80872293777715	15.19419988745932	501
573	752	50.40064466241344	11.44848998301865	501
574	752	54.45162194608082	13.170631269284657	501
575	752	51.75813630213001	12.704895687127765	501
576	752	60.51877665134978	13.482694104168216	501
577	752	61.40773762383519	16.292545152245843	501
578	752	59.872418864693	15.14155901467919	501
579	752	46.44690193836708	10.790918040392679	501
580	752	56.88601792757243	15.11975306720339	501
581	752	53.067245029598986	13.31789176616313	501
582	752	50.000220319894936	11.140991767863994	501
583	752	47.750179051869864	11.67527456792682	501
584	752	61.354105753350275	15.216417548964136	501
585	752	48.95087629124916	10.940012732023025	501
586	752	49.069913133473705	11.373531230243698	501
587	752	52.08393018482461	12.030754805808648	501
588	752	52.948790880378525	12.059333983624525	501
589	752	47.64953188707541	12.06550961043453	501
590	752	58.46857229199169	14.40535170325434	501
591	752	60.22868356016485	15.343828416886213	501
592	752	55.10990736979008	13.864537801241758	501
593	752	56.96479085368299	13.508595672951731	501
594	752	54.16433559639685	13.697878001775077	501
595	752	52.37178134592335	12.40088557241766	501
596	752	48.55211146347755	10.720306194055143	501
597	752	50.109288572929486	12.678965480630916	501
598	752	53.75052384332024	14.679029427685727	501
599	752	56.643922657584355	13.751231918907274	501
600	802	53.276966163600015	12.625772567152987	501
601	802	56.64413986944597	13.684816448932985	501
602	802	53.64495411352706	12.776908915834989	501
603	802	56.71223468278686	14.488352403397261	501
604	802	59.29088479527096	16.28972736295246	501
605	802	50.960551951530434	11.645851769648372	501
606	802	52.534915721910416	11.799332273710649	501
607	802	51.346993350760606	10.489791451767962	501
608	802	64.39142332039255	16.680127124519224	501
609	802	55.74574026943535	13.248053590273063	501
610	802	52.16533933621344	12.629794179961603	501
611	802	49.543114981741375	12.030994821357808	501
612	802	55.66231898863988	14.714392116424008	501
613	802	41.63731323088447	10.3794321140337	501
614	802	43.58277703314847	9.11575775224088	501
615	802	52.98378254548641	13.149492617279957	501
616	802	70.24457852804073	19.500420669558892	501
617	802	50.96656635822154	10.550263124058016	501
618	802	56.97036022601032	13.60225945429736	501
619	802	65.91155161717677	18.26991616967147	501
620	802	59.54062201282504	15.860344386873123	501
621	802	51.28489534976267	11.782543136563445	501
622	802	63.046283586305265	16.139689789137197	501
623	802	44.93654397413005	9.402559145006165	501
624	802	58.02573786785753	13.979898874481325	501
625	802	47.89387675565408	11.816038562604229	501
626	802	61.935712562645676	14.243063657754368	501
627	802	65.76949492351987	15.893235012857932	501
628	802	54.073252893975464	13.847130521985553	501
629	802	56.68865744937198	13.550504353633332	501
630	802	57.33267058932997	13.053981729145505	501
631	802	47.67896024530971	11.210929426670246	501
632	802	59.89520931775294	15.348669122151584	501
633	802	56.121742731229205	13.9873978154456	501
634	802	49.632594098019155	11.108160485649677	501
635	802	62.59193112290875	15.615732898949696	501
636	802	52.4290741728344	12.362080930443833	501
637	802	52.01234771604033	12.706479539680757	501
638	802	46.11246456167319	10.93294716526373	501
639	802	53.52253440327831	11.542822673648951	501
640	802	51.04158053564186	12.463064389725059	501
641	802	57.80995168660792	13.893473980853024	501
642	802	55.16911942456879	14.470266387716228	501
643	802	60.1609207716636	14.71448187333128	501
644	802	61.029268536787086	15.400563896871056	501
645	802	65.72859398946417	17.82820870165051	501
646	802	46.230441610193864	10.132519221695278	501
647	802	47.62724453897574	11.304671160432697	501
648	802	53.16498496734739	13.424890061777731	501
649	802	54.53814681302088	12.87938533760085	501
650	802	53.48197540443924	11.840217576059054	501
651	802	50.97362714892291	11.735524696215728	501
652	802	67.07612152863868	17.849218079492285	501
653	802	53.65696457564625	13.157632167419644	501
654	802	54.268906405427984	11.339878141383137	501
655	802	48.311603704123485	12.980083483415672	501
656	802	39.832484165962775	9.551328612747065	501
657	802	49.27642591674195	11.95980069533983	501
658	802	59.799034957747075	14.362353344852346	501
659	802	57.71418485741189	13.964826050805529	501
660	802	54.3824144092811	12.213311615539567	501
661	802	62.976579759793225	14.869912976921709	501
662	802	53.8789941306552	12.860708732998214	501
663	802	46.7197050798231	11.274714555311611	501
664	802	54.26564098724349	11.843825282385739	501
665	802	55.04597452792641	14.06137120613275	501
666	802	52.68248706753751	11.594366050370793	501
667	802	58.061767696855235	13.695021849923977	501
668	802	52.22933483191968	11.879832989101088	501
669	802	48.86054164256127	10.993198876426405	501
670	802	56.050574103167094	14.485915958496657	501
671	802	47.11864810173926	10.25586788526593	501
672	802	56.90597741655715	12.948213804274525	501
673	802	50.85831464564946	12.243462335378466	501
674	802	56.88243985535719	14.083200071081869	501
675	802	55.738906710729154	12.631013838519376	501
676	802	58.43212178914411	14.748831314073515	501
677	802	48.828646761171285	11.505306022950949	501
678	802	47.66476451185343	11.061687066349563	501
679	802	49.51346654804544	9.465304284600125	501
680	802	47.99109475459871	10.214931850606728	501
681	802	49.70529997561702	11.82544872303605	501
682	802	50.44571926266907	11.426651415856494	501
683	802	57.71758344896069	13.630077055683923	501
684	802	61.684517427570604	15.308341000865806	501
685	802	59.63483205854706	14.673501739673423	501
686	802	48.922471978616315	13.133800330777337	501
687	802	50.0331158952542	11.03120487488988	501
688	802	53.67121798481283	12.75872990423692	501
689	802	47.02325615339843	11.371017986048884	501
690	802	49.8064924466109	12.366260439120863	501
691	802	51.39956324608526	11.63056111624423	501
692	802	59.276901531161776	14.694784002807623	501
693	802	47.55028007978386	11.392347356921695	501
694	802	61.24380692105373	15.013719596741462	501
695	802	53.81986958135728	13.737516239142664	501
696	802	62.41832173247654	15.28491207470228	501
697	802	38.836581117330425	8.423854948178052	501
698	802	45.948526476045274	11.565142517562672	501
699	802	48.67183467914617	11.06404773108571	501
700	852	60.28014320134931	14.102026057655506	501
701	852	66.7215752911929	17.280657679397056	501
702	852	60.1770231897092	14.451467797410631	501
703	852	50.948396101849546	11.787626158973877	501
704	852	48.854434910734795	12.184521820642487	501
705	852	40.73917923852888	9.047665365826326	501
706	852	50.34991149736109	11.940712313538917	501
707	852	53.9376746315547	12.109485177718927	501
708	852	58.026747368365285	12.818103492801852	501
709	852	59.760403428592255	14.530488420849574	501
710	852	52.08833085770361	12.504709946064963	501
711	852	60.08378294986301	15.51878078126266	501
712	852	44.997709717823255	11.801564527018352	501
713	852	58.40888684855721	13.209569474382818	501
714	852	54.33240025231445	13.68150557791839	501
715	852	57.8536304284506	14.373166842192925	501
716	852	52.924868948328566	12.128940211270823	501
717	852	51.315644208988644	12.445057593837019	501
718	852	47.15576118577605	9.945908984447296	501
719	852	62.23766576970736	15.45684145485503	501
720	852	45.63395822062471	9.733252214104072	501
721	852	56.15517106849235	14.07129392806179	501
722	852	51.9479974309655	11.660772971812646	501
723	852	56.842418689973194	13.364802108345271	501
724	852	52.643690358353666	12.802153997395136	501
725	852	60.656464150350494	15.397029118377345	501
726	852	51.99898591041388	11.027960972334231	501
727	852	47.10204559846331	10.68094708588423	501
728	852	56.7586832811388	14.769639420501534	501
729	852	44.31732898224196	10.429396413389465	501
730	852	56.97999855507398	14.505007835938786	501
731	852	63.12122156602219	16.695916954742962	501
732	852	54.58076476575532	13.470661666504014	501
733	852	54.35442397853924	11.506736361750871	501
734	852	67.00181246384506	18.030745541038385	501
735	852	66.338798634127	16.788160284757378	501
736	852	50.42001633566596	11.616586992499535	501
737	852	52.027524159081686	11.596928919066185	501
738	852	57.737793807048064	14.81792386034849	501
739	852	54.85591234201132	13.413059638066137	501
740	852	57.16985310091203	13.351395384107741	501
741	852	59.57806717118488	15.369125572435394	501
742	852	51.496152494746575	12.29616046051362	501
743	852	52.472029783095806	12.190241051328627	501
744	852	57.119654068295446	12.807846209087453	501
745	852	50.504588938350935	11.449664473285997	501
746	852	56.82142484320166	15.238590030103044	501
747	852	57.78004654290621	13.613611570510392	501
748	852	58.9278967796222	15.9543568172705	501
749	852	48.71678913302567	11.501779237651908	501
750	852	59.5692844083653	14.391897857189706	501
751	852	47.13144409505923	11.783336328184706	501
752	852	49.25591793489502	11.68426819281912	501
753	852	54.20794352917425	13.59037525807813	501
754	852	53.46490281712183	13.211551534675042	501
755	852	51.443212843240026	11.320125809564788	501
756	852	56.2523374278569	12.845312553819621	501
757	852	50.61664474705808	13.812537236201427	501
758	852	51.85408912456252	12.624024463783961	501
759	852	58.30758585968741	13.923769445459069	501
760	852	53.40257173867958	13.06067936485628	501
761	852	50.11856894633965	12.077512472100935	501
762	852	49.67294931972104	11.342725978139539	501
763	852	58.3904372681188	15.367420587086118	501
764	852	64.41151163324594	16.436310271259945	501
765	852	56.423030747451655	14.291418055548075	501
766	852	58.211659121112426	13.890691746345485	501
767	852	44.499272937430206	9.509859343371302	501
768	852	56.300278587524986	13.481058408752375	501
769	852	64.67540533158156	16.966128699688117	501
770	852	55.632672792453484	13.190734291173435	501
771	852	52.520994707968214	11.27850426907885	501
772	852	50.008738491470254	11.077418239117199	501
773	852	56.69487838871339	13.334143308708635	501
774	852	63.98733310801337	16.145904125670697	501
775	852	52.50623249721092	11.96190021168181	501
776	852	49.70964420539148	10.814216938163604	501
777	852	45.83708384758648	9.88410151866566	501
778	852	55.66243673740917	13.054634173736805	501
779	852	52.193707570834626	13.409798767458591	501
780	852	52.67989942589827	12.966940202956302	501
781	852	60.45644287766142	16.28875727684411	501
782	852	49.644990410012824	10.795650158834578	501
783	852	59.32458299233462	15.084316764594274	501
784	852	47.15078768160087	10.96600715627534	501
785	852	47.56132139084162	10.820405602227503	501
786	852	59.317590286730905	14.688650641826598	501
787	852	53.47608094198053	12.41899138429874	501
788	852	56.61818999640311	13.569199071808821	501
789	852	54.025654529703125	11.78561888652602	501
790	852	56.57516541721841	14.298450325026653	501
791	852	46.25452177602367	11.120928668862854	501
792	852	55.66915341004044	14.676202418719678	501
793	852	52.94350452920391	12.586426750150883	501
794	852	49.61413752837998	11.031294838529448	501
795	852	58.270017130117715	15.379255642903509	501
796	852	56.9970756257567	14.005480198391437	501
797	852	57.23266159922792	12.394611058976235	501
798	852	53.57721761813473	12.519059581168651	501
799	852	51.80428455005518	11.798427777085159	501
800	902	57.04102911787544	13.75709614032867	501
801	902	54.184469945397474	12.435075117236021	501
802	902	53.61708147642255	12.580991622187629	501
803	902	60.06667796179329	13.784065340297674	501
804	902	65.30149596422908	16.68712971848369	501
805	902	64.07478258393024	17.159542632952682	501
806	902	49.60470073707969	12.009344446050655	501
807	902	48.07266480343511	10.105464224797306	501
808	902	61.21102077257513	15.5760231020068	501
809	902	55.75625880262647	13.46121423757869	501
810	902	48.63709946979038	11.094566173892083	501
811	902	58.70786405267525	14.888704183453994	501
812	902	49.540106974673435	10.862174073969442	501
813	902	50.54791331127302	12.305572639479673	501
814	902	55.61042839151735	13.809539811210866	501
815	902	49.03195762469041	11.920908193532352	501
816	902	45.89384737288037	9.454298702833103	501
817	902	59.22908238421526	14.70125940443922	501
818	902	60.40044532467229	16.04678994908305	501
819	902	45.33777031433438	9.298163977067633	501
820	902	43.31130682819838	10.668903292040412	501
821	902	54.15658318953602	12.829885092102487	501
822	902	50.22951256316859	10.519589616361728	501
823	902	62.6611863249125	14.888916469748317	501
824	902	51.89435738626224	11.960062317932355	501
825	902	67.28634145666142	17.37300301273635	501
826	902	45.13305953786089	9.344292206029802	501
827	902	45.61453174398917	11.563909459431018	501
828	902	52.23357468349038	13.098089759120118	501
829	902	58.61570238983812	12.946560788519076	501
830	902	51.799553107182575	11.917223046130628	501
831	902	66.67766012621426	16.19337039409773	501
832	902	55.417895256353134	13.206587133832587	501
833	902	45.186220422874115	9.686237715114009	501
834	902	55.04595450986726	13.770702793309153	501
835	902	57.26540699619621	14.336500110156363	501
836	902	62.026813800965265	15.37236738627177	501
837	902	58.085995006433535	14.91195275485512	501
838	902	49.287609743981065	10.399210528851876	501
839	902	52.8740067298753	12.809577872049216	501
840	902	58.655262844776914	14.648062597517697	501
841	902	52.61342975283839	12.38798095061066	501
842	902	50.52395050273509	11.836498500085586	501
843	902	54.3184893485712	12.50102565743111	501
844	902	50.49364203189254	12.209408304308093	501
845	902	60.13621259348607	15.264740155865464	501
846	902	51.82251615237252	11.783970232993656	501
847	902	54.26781946179546	12.725599165168875	501
848	902	49.59669831683377	11.180944933081095	501
849	902	52.825991844853306	11.607959520840476	501
850	902	42.07440783120344	8.854357603360489	501
851	902	49.03587135919436	11.049639056817941	501
852	902	49.39312556493149	12.368624434893134	501
853	902	59.0712042945555	13.488126415348841	501
854	902	52.13474638057956	11.386510500727582	501
855	902	46.54445566429508	10.356766636749034	501
856	902	55.164573434440236	13.842739784819926	501
857	902	51.86752965292192	11.330558608378295	501
858	902	57.78486637333914	13.889536870641846	501
859	902	58.993505952303785	14.83611818581198	501
860	902	49.619459348545	10.378436075198959	501
861	902	42.08039686079565	9.472699026385746	501
862	902	56.88105279503669	14.14087044271647	501
863	902	50.12847572841713	12.350991183264538	501
864	902	53.69339916208272	12.155740945687032	501
865	902	47.56477467534619	10.367480858649493	501
866	902	55.222034673364504	13.591743904469197	501
867	902	59.225374009064545	13.170388558189195	501
868	902	49.9327915382537	12.838938392538173	501
869	902	52.84606685777038	13.550896563294446	501
870	902	47.07117554644052	10.683860809806403	501
871	902	52.0801812186353	12.46579744613791	501
872	902	57.997851599212005	13.436480396761223	501
873	902	54.62084131332087	13.000928521718885	501
874	902	57.474250747682966	14.210091432932165	501
875	902	43.837594690668105	9.432590482740013	501
876	902	52.43309941896036	11.04216273995311	501
877	902	57.6300418524454	14.002705944858377	501
878	902	42.09207202007072	9.677547139121609	501
879	902	61.692629228257836	16.156834786736805	501
880	902	61.10875846931818	15.885111045369227	501
881	902	49.58326972039271	11.726450483471734	501
882	902	56.25397949208338	12.590047674338228	501
883	902	43.951606221336355	9.728498602960215	501
884	902	51.35853938910243	12.700389378165374	501
885	902	57.640662276888186	13.799681934520331	501
886	902	63.94052138542536	16.898047635074047	501
887	902	51.846130595784636	10.18949808385983	501
888	902	52.88130703637761	12.869093013321594	501
889	902	49.680253192109134	11.22391292353834	501
890	902	49.256580070330905	10.706157787034163	501
891	902	51.42645645190247	10.934588128081604	501
892	902	53.547920318126685	12.036005589241098	501
893	902	49.905935341547405	10.945078605112032	501
894	902	52.224558004663955	11.720551332081758	501
895	902	57.825534819338934	14.305853583529208	501
896	902	42.19625276111443	10.625140739923422	501
897	902	62.998760349871795	16.230568221348854	501
898	902	51.19560871835978	13.731345846968132	501
899	902	66.87578098329237	15.807242816780379	501
900	952	49.09525420959636	10.623242583584238	501
901	952	49.647481641735396	10.515496278703509	501
902	952	61.90639396788067	14.05751451627827	501
903	952	53.225086303082314	13.997311049194547	501
904	952	58.96335836673433	13.958238994409655	501
905	952	57.98237104696684	13.783497475077846	501
906	952	56.40101275588053	13.834532763609594	501
907	952	62.38955320470644	15.8591772395405	501
908	952	63.47652072298806	16.018044361045337	501
909	952	43.42602378907674	9.819928484010811	501
910	952	54.348150517220716	13.275881875812825	501
911	952	57.322997535320575	13.506238990036302	501
912	952	50.455792741762075	12.841964382138569	501
913	952	53.02502118611842	12.09187255308356	501
914	952	49.99739265419023	11.445127172794205	501
915	952	46.12439007008782	8.966151134629177	501
916	952	57.504875552181325	13.833693513501352	501
917	952	52.69587533529603	12.630738243524538	501
918	952	47.420850226995064	9.698940913913507	501
919	952	58.65740466360416	13.35252773144909	501
920	952	54.80321056431637	12.905254119016183	501
921	952	50.98357710416364	12.514732748929797	501
922	952	49.79426879570211	11.916085037054966	501
923	952	53.889033113812346	11.657250979879574	501
924	952	57.50743167221337	12.948113352513928	501
925	952	45.798267263923684	9.800519428463666	501
926	952	51.62734208889379	12.267104391725097	501
927	952	56.438965645281854	13.325659900167064	501
928	952	54.81640122362331	12.428184315527503	501
929	952	50.37592076908912	11.780833852858997	501
930	952	49.101457828088506	11.393110792314928	501
931	952	49.84299309139611	11.04749189376289	501
932	952	46.05013524161696	11.156525002615028	501
933	952	52.39548468389712	12.4034993136877	501
934	952	49.01555111862042	10.707478735010715	501
935	952	51.58431321957352	11.248216838135557	501
936	952	55.160237919952756	12.253828273958648	501
937	952	51.71941834709743	11.752667929168924	501
938	952	45.93607780034869	10.308771808125847	501
939	952	53.369927293305906	12.19767135883488	501
940	952	58.622769178814835	13.736516077610997	501
941	952	64.15369920828311	16.445121474994185	501
942	952	59.31615985154374	13.12517941340919	501
943	952	63.062934438417095	15.186630975983158	501
944	952	57.43558719709559	12.508379929143729	501
945	952	60.02238613488527	13.758726776520081	501
946	952	68.6704463889807	16.612996569898307	501
947	952	49.13653251962376	10.924429785907924	501
948	952	47.18097117294109	12.100461952690086	501
949	952	58.84793699318456	13.16031720976537	501
950	952	56.346120115520925	14.051068687767227	501
951	952	54.46714933085166	13.005466235936527	501
952	952	49.8562742653558	11.54086307777824	501
953	952	49.604448337351535	11.744379667841114	501
954	952	54.62784391441304	12.704679125107642	501
955	952	61.30214951097932	13.701621427808277	501
956	952	60.6342654762453	14.066200701134354	501
957	952	58.10879550491115	14.171347545717403	501
958	952	56.7425231662121	13.755341795383833	501
959	952	49.63749609032463	12.34093511711737	501
960	952	46.616919718613524	9.553054483020578	501
961	952	49.29994089995968	11.862655137806104	501
962	952	51.37950055181866	12.345945725828596	501
963	952	60.469707694753325	14.080195768315084	501
964	952	54.73144348739114	12.24290368582341	501
965	952	53.24367928680371	11.365566884673935	501
966	952	51.976905367359315	12.620000725142514	501
967	952	43.580537970833284	9.436813274497533	501
968	952	39.77942602980207	7.749457691654986	501
969	952	52.28277185877954	11.409830478035968	501
970	952	44.33941014138579	10.241778901438902	501
971	952	58.95481473907564	15.30663780817074	501
972	952	51.59605127599619	11.967188359546324	501
973	952	62.16209502086782	16.198665761584728	501
974	952	61.30535310591778	15.439674401219373	501
975	952	48.0642958602471	10.985354917887035	501
976	952	59.34841514811302	14.708322305327496	501
977	952	49.65236411977369	12.412167527853327	501
978	952	69.09698234184441	17.999876357420856	501
979	952	46.871181158105365	11.086055564983587	501
980	952	45.16293488688557	10.761840968947213	501
981	952	45.54925611094147	10.218115459854875	501
982	952	56.555496561662935	13.056942390836825	501
983	952	46.419023578540425	11.583130748938048	501
984	952	55.64795758687558	13.748002749120433	501
985	952	51.766204368962384	13.96044184667603	501
986	952	48.13882803954069	11.58004753470819	501
987	952	55.53506700178611	12.867625449414705	501
988	952	57.118596312454116	14.84814528493979	501
989	952	43.32585358956624	9.373684772314126	501
990	952	53.325542399442504	12.780769671387283	501
991	952	46.9327887253849	11.226898449998055	501
992	952	52.043423715160216	12.50990301228293	501
993	952	58.22267342047037	14.305270202765277	501
994	952	47.245552842422455	10.576204594516847	501
995	952	61.61975827543852	14.266332548659596	501
996	952	63.95240782381709	15.741003056108935	501
997	952	39.25835133390317	7.929719315340314	501
998	952	56.26684130035804	13.746665105779824	501
999	952	39.51541662648413	7.014468127939288	501
